"ID_REPORT";"TIPO_MATCH";"COD_LOCALE_PROGETTO";"CUP";"OC_LINK";"OC_FLAG_VISUALIZZAZIONE";"NOTE"
752;"url_clp";"1SACRPC-CICL-CA-06";"D29B12000090005";"www.opencoesione.gov.it/progetti/1sacrpc-cicl-ca-06";0;
755;"url_clp";"6TO169216";"J52F10000020001";"www.opencoesione.gov.it/progetti/6to169216";0;
756;"url_clp";"1MISEPON04A3_00211/1";"B55I12000340005";"www.opencoesione.gov.it/progetti/1misepon04a3_002111";0;
757;"url_clp";"6TO169172";"J54H10000000001";"www.opencoesione.gov.it/progetti/6to169172";0;
762;"url_clp";"2LAA0054P0002";"J88H12000030002";"www.opencoesione.gov.it/progetti/2laa0054p0002";0;
763;"url_clp";"6TO117761";"H21E00000140001";"www.opencoesione.gov.it/progetti/6to117761";0;
765;"url_clp";"3UM31902";"I64C12000020007";"www.opencoesione.gov.it/progetti/3um31902";0;
766;"url_clp";"3PIPBAN-1009";"J13J09000520009";"www.opencoesione.gov.it/progetti/3pipban-1009";0;
767;"url_clp";"1MA4367";"E31D10000010002";"www.opencoesione.gov.it/progetti/1ma4367";0;
768;"url_clp";"1MISEPON04A3_00133/1";"B35I12000110005";"www.opencoesione.gov.it/progetti/1misepon04a3_001331";0;
769;"url_clp";"1MISEPON04A3_00458/1";"B35I12000170005";"www.opencoesione.gov.it/progetti/1misepon04a3_004581";0;
771;"url_clp";"1MISEPON04A3_00164/1";"B55I12000330005";"www.opencoesione.gov.it/progetti/1misepon04a3_001641";0;
772;"url_clp";"2BA73/2011/86";"B95B07000030002";"www.opencoesione.gov.it/progetti/2ba73201186";0;
773;"url_clp";"2BA73/2012/17";"B34H11000000005";"www.opencoesione.gov.it/progetti/2ba73201217";0;
775;"url_clp";"2BA73/2012/27";"B35F11000140008";"www.opencoesione.gov.it/progetti/2ba73201227";0;
776;"url_clp";"2BA73/2011/98";"J35G08000000001";"www.opencoesione.gov.it/progetti/2ba73201198";0;
778;"url_clp";"2BA73/2011/129";"F27E07000570001";"www.opencoesione.gov.it/progetti/2ba732011129";0;
780;"url_clp";"2BA73/2006/2";"F67G07000000002";"www.opencoesione.gov.it/progetti/2ba7320062";0;
782;"url_clp";"2BA76/2011/7";"I12I11000260002";"www.opencoesione.gov.it/progetti/2ba7620117";0;
790;"url_clp";"1MISEPON02_00563_3489339/F1";"B38J12000170007";"www.opencoesione.gov.it/progetti/1misepon02_00563_3489339f1";0;
791;"url_clp";"2BA73/2009/3";"D62C09000440007";"www.opencoesione.gov.it/progetti/2ba7320093";0;
793;"url_clp";"1CA17C332007IT161PO009";"I54B06000010000";"www.opencoesione.gov.it/progetti/1ca17c332007it161po009";0;
794;"url_clp";"1CA1C12007IT161PO009";"I53J08000080002";"www.opencoesione.gov.it/progetti/1ca1c12007it161po009";0;
796;"url_clp";"17EM2010-01137/MO";"F51F10000570002";"www.opencoesione.gov.it/progetti/17em2010-01137mo";0;
798;"url_clp";"17EM2010-01038/BO";"G35E10000000005";"www.opencoesione.gov.it/progetti/17em2010-01038bo";0;
799;"url_clp";"17EM2010-00090/MO";"D99B08000100005";"www.opencoesione.gov.it/progetti/17em2010-00090mo";0;
800;"url_clp";"1PUFE5.400038";"H51C00000000009";"www.opencoesione.gov.it/progetti/1pufe5400038";0;
802;"url_clp";"1LALA1000012576";"F82I11000430006";"www.opencoesione.gov.it/progetti/1lala1000012576";0;
804;"url_clp";"1PUFE5.400038";"H51C00000000009";"www.opencoesione.gov.it/progetti/1pufe5400038";0;
805;"url_clp";"1MPIB-2-FESR-2007-379";"I98G07000270007";"www.opencoesione.gov.it/progetti/1mpib-2-fesr-2007-379";0;
806;"url_clp";"1MPIB-2.B-FESR01_POR_PUGLIA-2011-431";"I98G11000340007";"www.opencoesione.gov.it/progetti/1mpib-2b-fesr01_por_puglia-2011-431";0;
807;"url_clp";"1MPIE-1-FESR-2011-1076";"I98G11001310007";"www.opencoesione.gov.it/progetti/1mpie-1-fesr-2011-1076";0;
811;"url_clp";"1MISEPON04A3_00458/1";"B35I12000170005";"www.opencoesione.gov.it/progetti/1misepon04a3_004581";0;
812;"url_clp";"17EM2010-00997/BO";"G35J10000000005";"www.opencoesione.gov.it/progetti/17em2010-00997bo";0;
817;"url_clp";"17EM2010-01142/BO";"C35G00000000007";"www.opencoesione.gov.it/progetti/17em2010-01142bo";0;
818;"url_clp";"1PUFS7.200002";"B39H11001100004";"www.opencoesione.gov.it/progetti/1pufs7200002";0;
987;"url_clp";"2LAA0077P0007";"F89H09000330002";"www.opencoesione.gov.it/progetti/2laa0077p0007";0;
1007;"url_clp";"1MISECAMPANIA5";"F66D12000200006";"www.opencoesione.gov.it/progetti/1misecampania5";0;
1010;"url_clp";"1MISEGPP30";"F64B12000370006";"www.opencoesione.gov.it/progetti/1misegpp30";0;
1012;"url_clp";"1CL89988";"D46D09000030006";"www.opencoesione.gov.it/progetti/1cl89988";0;
1013;"url_clp";"1MISEMO3C.021";"J35C14000030006";"www.opencoesione.gov.it/progetti/1misemo3c021";0;
1014;"url_clp";"1SI288";"G71G09000000009";"www.opencoesione.gov.it/progetti/1si288";0;
1016;"url_clp";"1MISEGPPCB1";"F69J13000580006";"www.opencoesione.gov.it/progetti/1misegppcb1";0;
1017;"url_clp";"1CA112C332007IT161PO009";"I32F10000390001";"www.opencoesione.gov.it/progetti/1ca112c332007it161po009";0;
1020;"url_clp";"2LAA0069P0017";"F94E13001830008";"www.opencoesione.gov.it/progetti/2laa0069p0017";0;
1021;"url_clp";"1MISEMO3B01";"D37B15000070001";"www.opencoesione.gov.it/progetti/1misemo3b01";0;
1027;"url_clp";"27AB4110034";"E74E13001520002";"www.opencoesione.gov.it/progetti/27ab4110034";0;
1028;"url_clp";"1SI9588";"I78F08000030006";"www.opencoesione.gov.it/progetti/1si9588";0;
1029;"url_clp";"1CA18C292007IT161PO009";"I81B07000180002";"www.opencoesione.gov.it/progetti/1ca18c292007it161po009";0;
1033;"url_clp";"1SI9718";"G59G11000100006";"www.opencoesione.gov.it/progetti/1si9718";0;
1035;"url_clp";"1PUFE7.100170";"B12F06000140006";"www.opencoesione.gov.it/progetti/1pufe7100170";0;
1036;"url_clp";"1LOLOMBGEFO-00000000000035435055";"E30B11000010006";"www.opencoesione.gov.it/progetti/1lolombgefo-00000000000035435055";0;
1037;"url_clp";"3UM28484";"C75G10006150007";"www.opencoesione.gov.it/progetti/3um28484";0;
1038;"url_clp";"1MISEPA01VIAMESSINAMARINAE";"D95C05000160005";"www.opencoesione.gov.it/progetti/1misepa01viamessinamarinae";0;
1040;"url_clp";"2MINT2.1/CAL/16";"C63B12000210001";"www.opencoesione.gov.it/progetti/2mint21cal16";0;
1041;"url_clp";"1CL206435";"D79J12000340005";"www.opencoesione.gov.it/progetti/1cl206435";0;
1044;"url_clp";"3PIPBAN-FAS12479";"G38C12000000004";"www.opencoesione.gov.it/progetti/3pipban-fas12479";0;
1046;"url_clp";"1CL210594";"J69G13000630005";"www.opencoesione.gov.it/progetti/1cl210594";0;
1047;"url_clp";"2MOII.1.2 5";"D32J12000410002";"www.opencoesione.gov.it/progetti/2moii12-5";0;
1049;"url_clp";"1MISEPON02_00563_3489339/1";"B31C12001110005";"www.opencoesione.gov.it/progetti/1misepon02_00563_34893391";0;
1050;"url_clp";"1SI8983";"E81B12000130006";"www.opencoesione.gov.it/progetti/1si8983";0;
1051;"url_clp";"1MISEVE52P012";"I71B14000310002";"www.opencoesione.gov.it/progetti/1miseve52p012";0;
1052;"url_clp";"27AB621B002";"D18J11000190004";"www.opencoesione.gov.it/progetti/27ab621b002";0;
1055;"url_clp";"1PUFE4.200039";"B77E04000100002";"www.opencoesione.gov.it/progetti/1pufe4200039";0;
1058;"url_clp";"1SA110201II221aSD12040";"D89J12000110006";"www.opencoesione.gov.it/progetti/1sa110201ii221asd12040";0;
1061;"url_clp";"1SI8002";"G89D11000130006";"www.opencoesione.gov.it/progetti/1si8002";0;
1062;"url_clp";"1CA886C352007IT161PO009";"G34E10000000001";"www.opencoesione.gov.it/progetti/1ca886c352007it161po009";1;
1063;"url_clp";"1CL206535";"G26D13000500005";"www.opencoesione.gov.it/progetti/1cl206535";0;
1066;"url_clp";"6TO574929";"H15G12000320007";"www.opencoesione.gov.it/progetti/6to574929";0;
1067;"url_clp";"1MISEPUGLIA38";"F74H13000000002";"www.opencoesione.gov.it/progetti/1misepuglia38";0;
1068;"url_clp";"1MISEPONA3_00273/1";"B71D11000140007";"www.opencoesione.gov.it/progetti/1misepona3_002731";0;
1069;"url_clp";"1MISEPACSIC-TP01";"G98I13000540005";"www.opencoesione.gov.it/progetti/1misepacsic-tp01";0;
1070;"url_clp";"1SA110201II221APS10247";"I16E10000640005";"www.opencoesione.gov.it/progetti/1sa110201ii221aps10247";0;
1071;"url_clp";"6TO169155";"C43C07000040005";"www.opencoesione.gov.it/progetti/6to169155";0;
1072;"url_clp";"3PIPBAN-FAS14326";"J34C03000000001";"www.opencoesione.gov.it/progetti/3pipban-fas14326";0;
1073;"url_clp";"4UM42114";"B34B13000320006";"www.opencoesione.gov.it/progetti/4um42114";0;
1074;"url_clp";"1PUFE2.300116";"J45D10000190002";"www.opencoesione.gov.it/progetti/1pufe2300116";0;
1075;"url_clp";"1SASSOT fly";"C71F12000030002";"www.opencoesione.gov.it/progetti/1sassot-fly";0;
1077;"url_clp";"2MINT2.8/CAL/8";"F13G12000020006";"www.opencoesione.gov.it/progetti/2mint28cal8";0;
1080;"url_clp";"1PUFE4.100049";"J11E05000010007";"www.opencoesione.gov.it/progetti/1pufe4100049";0;
1082;"url_clp";"1EM2007-3002/MO";"E99C07000280007";"www.opencoesione.gov.it/progetti/1em2007-3002mo";0;
1083;"url_clp";"1MISECMSM887-01";"J61C06000050009";"www.opencoesione.gov.it/progetti/1misecmsm887-01";0;
1084;"url_clp";"1CA48C332007IT161PO009";"J71B08000330000";"www.opencoesione.gov.it/progetti/1ca48c332007it161po009";0;
1085;"url_clp";"1CL103576";"H31D03000010005";"www.opencoesione.gov.it/progetti/1cl103576";0;
1086;"url_clp";"2LAA0017P0201";"F87I10000490007";"www.opencoesione.gov.it/progetti/2laa0017p0201";0;
1087;"url_clp";"1CA249C332007IT161PO009";"E87F05000010007";"www.opencoesione.gov.it/progetti/1ca249c332007it161po009";0;
1088;"url_clp";"1SI140";"H11F04000000007";"www.opencoesione.gov.it/progetti/1si140";0;
1089;"url_clp";"1MISECAMCA02-BN.01";"J88F12000140001";"www.opencoesione.gov.it/progetti/1misecamca02-bn01";0;
1090;"url_clp";"5FR15900";"H61E15000320006";"www.opencoesione.gov.it/progetti/5fr15900";0;
1091;"url_clp";"17EM2011-2889/RER";"E55F11000160005";"www.opencoesione.gov.it/progetti/17em2011-2889rer";0;
1092;"url_clp";"27AB211013";"E18G11000170005";"www.opencoesione.gov.it/progetti/27ab211013";0;
1093;"url_clp";"4FR2639";"D93D11000420007";"www.opencoesione.gov.it/progetti/4fr2639";0;
1096;"url_clp";"1MISEMO3C.030";"G36D14000430002";"www.opencoesione.gov.it/progetti/1misemo3c030";0;"1 report 2 CLP (POR e PAC) >>> progetto inattivo"
1096;"url_clp";"1MISEMO3C.031";"G37E15000050002";"www.opencoesione.gov.it/progetti/1misemo3c031";0;"1 report 2 CLP (POR e PAC)"
1097;"url_clp";"1MISEPA01LEONARDODAVINCI";"D76E09000100007";"www.opencoesione.gov.it/progetti/1misepa01leonardodavinci";0;
1099;"url_clp";"1MTRA12244";"E71F04000000007";"www.opencoesione.gov.it/progetti/1mtra12244";0;
1101;"url_clp";"2LAA0003P0008";"B94B10000000001";"www.opencoesione.gov.it/progetti/2laa0003p0008";0;
1102;"url_clp";"1MISEABRAB012-05nc";"C82J12000280001";"www.opencoesione.gov.it/progetti/1miseabrab012-05nc";0;
1103;"url_clp";"4FR1225";"D95G10000160006";"www.opencoesione.gov.it/progetti/4fr1225";0;
1105;"url_clp";"1SI7639";"G83F11000280004";"www.opencoesione.gov.it/progetti/1si7639";0;
1108;"url_clp";"1SI12692";"B51B07000240001";"www.opencoesione.gov.it/progetti/1si12692";0;
1112;"url_clp";"3MO1034";"D39G14000460007";"www.opencoesione.gov.it/progetti/3mo1034";0;
1114;"url_clp";"5SI4471";"I92F10000090007";"www.opencoesione.gov.it/progetti/5si4471";0;
1115;"url_clp";"1MISE1R-C121-I-1-01";"I51E14001180001";"www.opencoesione.gov.it/progetti/1mise1r-c121-i-1-01";0;
1117;"url_clp";"1PUFE4.200372";"J97H14001160001";"www.opencoesione.gov.it/progetti/1pufe4200372";0;
1120;"url_clp";"3PIPBAN-4626";"J14B10000690006";"www.opencoesione.gov.it/progetti/3pipban-4626";0;
1124;"url_clp";"3PIPBAN-1010";"D13J07000150007";"www.opencoesione.gov.it/progetti/3pipban-1010";0;
1131;"url_clp";"6TO370616";"C43G03000030009";"www.opencoesione.gov.it/progetti/6to370616";0;
1132;"url_clp";"1PUFE4.200024";"B87E08000020002";"www.opencoesione.gov.it/progetti/1pufe4200024";0;
1133;"url_clp";"1SI15006";"E53J08000060002";"www.opencoesione.gov.it/progetti/1si15006";0;
1135;"url_clp";"1SI7685";"H62J07000110002";"www.opencoesione.gov.it/progetti/1si7685";0;
1136;"url_clp";"1MISEPON02_00451_3361785/1";"B61C12000870005";"www.opencoesione.gov.it/progetti/1misepon02_00451_33617851";0;
1137;"url_clp";"1MISEVE32P032";"H16J15000100002";"www.opencoesione.gov.it/progetti/1miseve32p032";0;
1138;"url_clp";"1MISER-CAMPANIA CE06";"F17E13000360006";"www.opencoesione.gov.it/progetti/1miser-campania-ce06";0;
1139;"url_clp";"1CL89490";"F39G08000120001";"www.opencoesione.gov.it/progetti/1cl89490";0;
1140;"url_clp";"1PUFE3.200341";"H43G12000000001";"www.opencoesione.gov.it/progetti/1pufe3200341";0;
1142;"url_clp";"1MPII-6-FSE-2014-1";"B98F14000010007";"www.opencoesione.gov.it/progetti/1mpii-6-fse-2014-1";0;
1143;"url_clp";"1SI11272";"I37B13000120006";"www.opencoesione.gov.it/progetti/1si11272";0;
1144;"url_clp";"1SI9956";"G99E11002480006";"www.opencoesione.gov.it/progetti/1si9956";0;
1145;"url_clp";"1PUFE2.500217";"I89E12003480002";"www.opencoesione.gov.it/progetti/1pufe2500217";0;
1147;"url_clp";"1MISEABRSE021-41";"C72F13000130005";"www.opencoesione.gov.it/progetti/1miseabrse021-41";0;
1148;"url_clp";"17EM2010-01144/BO";"J29G09000070006";"www.opencoesione.gov.it/progetti/17em2010-01144bo";0;
1149;"url_clp";"1MISER-CAMPANIA CE03";"F64B11000050001";"www.opencoesione.gov.it/progetti/1miser-campania-ce03";0;
1150;"url_clp";"1PUFE4.200010";"F57B04000140001";"www.opencoesione.gov.it/progetti/1pufe4200010";0;
1151;"url_clp";"1CL89486";"F19G09000000001";"www.opencoesione.gov.it/progetti/1cl89486";0;
1152;"url_clp";"1CA501C332007IT161PO009";"B24E12000090004";"www.opencoesione.gov.it/progetti/1ca501c332007it161po009";0;
1153;"url_clp";"1SA050106IV411BDDS92011";"E38G11001350002";"www.opencoesione.gov.it/progetti/1sa050106iv411bdds92011";0;
1155;"url_clp";"1SA110106IV423cMT080001";"E22I06000030003";"www.opencoesione.gov.it/progetti/1sa110106iv423cmt080001";0;
1157;"url_clp";"1SI355";"G97E05000000006";"www.opencoesione.gov.it/progetti/1si355";0;
1159;"url_clp";"1SA020000I111ASB090001E";"F74C12000080002";"www.opencoesione.gov.it/progetti/1sa020000i111asb090001e";0;
1160;"url_clp";"1SI8147";"G48F11000170006";"www.opencoesione.gov.it/progetti/1si8147";0;
1161;"url_clp";"1CL101712";"C99G09000090002";"www.opencoesione.gov.it/progetti/1cl101712";0;
1162;"url_clp";"1PUFE4.400035";"F73E10000080002";"www.opencoesione.gov.it/progetti/1pufe4400035";0;
1164;"url_clp";"2LAA0092P0005";"F85D07000030002";"www.opencoesione.gov.it/progetti/2laa0092p0005";0;
1167;"url_clp";"1MISEBA 049A/10";"J95D12000060001";"www.opencoesione.gov.it/progetti/1miseba-049a10";0;
1168;"url_clp";"1SI2805";"C34H11000000006";"www.opencoesione.gov.it/progetti/1si2805";0;
1170;"url_clp";"1CA57C332007IT161PO009";"J89D07000270006";"www.opencoesione.gov.it/progetti/1ca57c332007it161po009";0;
1172;"url_clp";"1SI3848";"G19E12000920006";"www.opencoesione.gov.it/progetti/1si3848";0;
1173;"url_clp";"1MISEPACPUG-LE02";"D75C14000020007";"www.opencoesione.gov.it/progetti/1misepacpug-le02";0;
1174;"url_clp";"1CA17C332007IT161PO009";"I54B06000010000";"www.opencoesione.gov.it/progetti/1ca17c332007it161po009";0;
1177;"url_clp";"1PUPA2.500057";"J74E14000400006";"www.opencoesione.gov.it/progetti/1pupa2500057";0;
1179;"url_clp";"1PUFC4.100192";"E52C16000010002";"www.opencoesione.gov.it/progetti/1pufc4100192";0;
1187;"url_clp";"1CL203257";"G23J12000310004";"www.opencoesione.gov.it/progetti/1cl203257";0;
1189;"url_clp";"3PIPBAN-12445";"C19H11000080004";"www.opencoesione.gov.it/progetti/3pipban-12445";0;
1191;"url_clp";"1MISEMOS4.ES.021";"B19H11000540003";"www.opencoesione.gov.it/progetti/1misemos4es021";0;
1192;"url_clp";"1MISER-CAMPANIA CE05";"F21B13000690001";"www.opencoesione.gov.it/progetti/1miser-campania-ce05";0;
1193;"url_clp";"1PUFC2.200007";"E62I13000010001";"www.opencoesione.gov.it/progetti/1pufc2200007";0;
1194;"url_clp";"2MINT2.1/SIC/19";"I99D10000130001";"www.opencoesione.gov.it/progetti/2mint21sic19";0;
1195;"url_clp";"1PUFE7.100240";"H96H11000230004";"www.opencoesione.gov.it/progetti/1pufe7100240";0;
1197;"url_clp";"7UM32224";"F41D11000010001";"www.opencoesione.gov.it/progetti/7um32224";0;
1199;"url_clp";"1MISEH22E06000040001";"H22E06000040001";"www.opencoesione.gov.it/progetti/1miseh22e06000040001";0;
1201;"url_clp";"1MISEPONA3_00053/3";"B71D11000120007";"www.opencoesione.gov.it/progetti/1misepona3_000533";0;
1202;"url_clp";"1MISE1R-C312-A-1-01";"C69D15003040001";"www.opencoesione.gov.it/progetti/1mise1r-c312-a-1-01";0;
1205;"url_clp";"1PUFE4.100039";"H73D05000060002";"www.opencoesione.gov.it/progetti/1pufe4100039";0;
1206;"url_clp";"1PUFE4.200024";"B87E08000020002";"www.opencoesione.gov.it/progetti/1pufe4200024";0;
1207;"url_clp";"1PUFE4.200048";"H43C06000140002";"www.opencoesione.gov.it/progetti/1pufe4200048";0;
1208;"url_clp";"1SA050107IV12DGPP10005";"B31I10002200006";"www.opencoesione.gov.it/progetti/1sa050107iv12dgpp10005";0;
1210;"url_clp";"1CA1070C352007IT161PO009";"G43C06000120002";"www.opencoesione.gov.it/progetti/1ca1070c352007it161po009";0;
1212;"url_clp";"1CL101672";"D53J09000230001";"www.opencoesione.gov.it/progetti/1cl101672";0;
1213;"url_clp";"1PUFE4.200065";"B97E05000050009";"www.opencoesione.gov.it/progetti/1pufe4200065";0;
1215;"url_clp";"1MISE999-1.6_229-Marcianise";"H24F14000000006";"www.opencoesione.gov.it/progetti/1mise999-16_229-marcianise";1;
1216;"url_clp";"1PUFE3.200301";"J54C10000110008";"www.opencoesione.gov.it/progetti/1pufe3200301";0;
1217;"url_clp";"1SI9767";"G89J11000220006";"www.opencoesione.gov.it/progetti/1si9767";0;
1218;"url_clp";"1MISEABRAA07-03";"D24E15000450006";"www.opencoesione.gov.it/progetti/1miseabraa07-03";0;
1219;"url_clp";"1LALA1000052278";"F86J14002080009";"www.opencoesione.gov.it/progetti/1lala1000052278";0;
1220;"url_clp";"1SI1452";"F52E06000000001";"www.opencoesione.gov.it/progetti/1si1452";0;
1221;"url_clp";"1MPI2APQ-SIC-TP-E974-195";"H83B09000060005";"www.opencoesione.gov.it/progetti/1mpi2apq-sic-tp-e974-195";0;
1222;"url_clp";"1CL101660";"C98G10000030002";"www.opencoesione.gov.it/progetti/1cl101660";0;
1224;"url_clp";"2BA73/2010/163";"D53E10000140002";"www.opencoesione.gov.it/progetti/2ba732010163";0;
1225;"url_clp";"1MISECIPEPUG01";"F53J12000080001";"www.opencoesione.gov.it/progetti/1misecipepug01";0;
1226;"url_clp";"1PUFE4.200018";"B57E09000130002";"www.opencoesione.gov.it/progetti/1pufe4200018";0;
1227;"url_clp";"7UM32024";"E91B14000000006";"www.opencoesione.gov.it/progetti/7um32024";0;
1228;"url_clp";"1PUFE7.200149";"D77I11000360002";"www.opencoesione.gov.it/progetti/1pufe7200149";0;
1229;"url_clp";"1MISEPACCAM-CE02";"F28I13000090006";"www.opencoesione.gov.it/progetti/1misepaccam-ce02";0;"1 report 2 CLP (POR e PAC)"
1229;"url_clp";"1MISECAMPANIA - CE2";"F28I13000090006";"www.opencoesione.gov.it/progetti/1misecampania-ce2";0;"1 report 2 CLP (POR e PAC)"
1231;"url_clp";"1MISEABRAA042-01";"C56I95000000007";"www.opencoesione.gov.it/progetti/1miseabraa042-01";0;
1232;"url_clp";"1MISECBFV15";"J83B10000790001";"www.opencoesione.gov.it/progetti/1misecbfv15";0;
1233;"url_clp";"2LAA0055P0005";"E49H10000990003";"www.opencoesione.gov.it/progetti/2laa0055p0005";0;
1234;"url_clp";"2LAA0055P0003";"E49B10000240003";"www.opencoesione.gov.it/progetti/2laa0055p0003";0;
1235;"url_clp";"3PIPBAN-12295";"H16I12000460002";"www.opencoesione.gov.it/progetti/3pipban-12295";0;
1236;"url_clp";"1MISEMO3C.008";"D39B14000080002";"www.opencoesione.gov.it/progetti/1misemo3c008";0;
1237;"url_clp";"1MISECIPESAR01";"F24B12000120001";"www.opencoesione.gov.it/progetti/1misecipesar01";0;
1239;"url_clp";"27AB621A001";"F14B07000210002";"www.opencoesione.gov.it/progetti/27ab621a001";0;
1240;"url_clp";"1MISELOMSLCA01";"E77H14002210002";"www.opencoesione.gov.it/progetti/1miselomslca01";0;
1241;"url_clp";"1CL205219";"J99G11000060007";"www.opencoesione.gov.it/progetti/1cl205219";0;
1243;"url_clp";"1MISEPACCAL-VB01";"E45C14000030006";"www.opencoesione.gov.it/progetti/1misepaccal-vb01";0;
1246;"url_clp";"1MA8906";"B82G09000040009";"www.opencoesione.gov.it/progetti/1ma8906";0;
1247;"url_clp";"1MISECALABRIA2";"F18I13000430006";"www.opencoesione.gov.it/progetti/1misecalabria2";0;
1248;"url_clp";"1CA80C32007IT161PO009";"C48J09000010006";"www.opencoesione.gov.it/progetti/1ca80c32007it161po009";0;
1249;"url_clp";"1CL208332";"G28F09000040002";"www.opencoesione.gov.it/progetti/1cl208332";0;
1251;"url_clp";"1CA21C212007IT161PO009";"G46J10000000002";"www.opencoesione.gov.it/progetti/1ca21c212007it161po009";0;
1253;"url_clp";"1MISECOM225_PdC_DL_LAV";"I23G08000080001";"www.opencoesione.gov.it/progetti/1misecom225_pdc_dl_lav";0;
1254;"url_clp";"6TO169197";"C49D09000160002";"www.opencoesione.gov.it/progetti/6to169197";0;
1255;"url_clp";"1VE15395";"C55J09000110009";"www.opencoesione.gov.it/progetti/1ve15395";0;
1256;"url_clp";"2BA75/2013/2";"G45C13000880006";"www.opencoesione.gov.it/progetti/2ba7520132";0;
1257;"url_clp";"1MISEPON02_00451_3362376/1";"B61C12000910005";"www.opencoesione.gov.it/progetti/1misepon02_00451_33623761";0;
1259;"url_clp";"1MISELOMSMIA03";"I77H14000600002";"www.opencoesione.gov.it/progetti/1miselomsmia03";0;
1260;"url_clp";"1SA0704V522IIT1100020";"E64E11000330006";"www.opencoesione.gov.it/progetti/1sa0704v522iit1100020";0;
1261;"url_clp";"1SA00050102413a55646920141";"E82H12000000003";"www.opencoesione.gov.it/progetti/1sa00050102413a55646920141";0;
1262;"url_clp";"1MISEPIAI*090556/0012/0021*C-0363-P";"B53F03000110005";"www.opencoesione.gov.it/progetti/1misepiai09055600120021c-0363-p";0;
1263;"url_clp";"3PIPBAN-12759";"C16F11000050009";"www.opencoesione.gov.it/progetti/3pipban-12759";0;
1264;"url_clp";"1SI8145";"G64B11000110006";"www.opencoesione.gov.it/progetti/1si8145";0;
1265;"url_clp";"1SA11103IV423ASM110002";"G13D12000300004";"www.opencoesione.gov.it/progetti/1sa11103iv423asm110002";0;
1266;"url_clp";"1MISE999-6.3_862-Palomonte";"G52D11001240003";"www.opencoesione.gov.it/progetti/1mise999-63_862-palomonte";0;
1268;"url_clp";"1CA96C32007IT161PO009";"I91J05000040005";"www.opencoesione.gov.it/progetti/1ca96c32007it161po009";0;
1269;"url_clp";"1CL209362";"J58G12000350001";"www.opencoesione.gov.it/progetti/1cl209362";0;
1270;"url_clp";"1SA00050102413a3278120101";"G29D12000400006";"www.opencoesione.gov.it/progetti/1sa00050102413a3278120101";0;
1271;"url_clp";"1PUFE4.200024";"B87E08000020002";"www.opencoesione.gov.it/progetti/1pufe4200024";0;
1272;"url_clp";"2MINT2.5/PUG/10";"H25D10000060001";"www.opencoesione.gov.it/progetti/2mint25pug10";0;
1275;"url_clp";"1SI109";"J46C07000060001";"www.opencoesione.gov.it/progetti/1si109";0;
1277;"url_clp";"1CA355C92007IT161PO009";"I72D14000010002";"www.opencoesione.gov.it/progetti/1ca355c92007it161po009";0;
1280;"url_clp";"1SI16079";"J73D13000540006";"www.opencoesione.gov.it/progetti/1si16079";0;
1281;"url_clp";"1MISEMO3D-028A";"G34H13000620002";"www.opencoesione.gov.it/progetti/1misemo3d-028a";0;
1282;"url_clp";"1MISEMN-01";"B41E04000210001";"www.opencoesione.gov.it/progetti/1misemn-01";0;
1283;"url_clp";"1MISERT01";"B87E12000250002";"www.opencoesione.gov.it/progetti/1misert01";0;
1284;"url_clp";"1PUFC5.100002";"J81G11000040002";"www.opencoesione.gov.it/progetti/1pufc5100002";0;
1285;"url_clp";"1PUFE3.200252";"H53B10000320002";"www.opencoesione.gov.it/progetti/1pufe3200252";0;
1288;"url_clp";"1MISEMO3C.010";"F29D14000160002";"www.opencoesione.gov.it/progetti/1misemo3c010";0;
1289;"url_clp";"1MISECBMT10";"G42D12000800001";"www.opencoesione.gov.it/progetti/1misecbmt10";0;
1290;"url_clp";"1MA8349";"G26D10000020006";"www.opencoesione.gov.it/progetti/1ma8349";0;
1291;"url_clp";"1MISECIPEPUG01";"F53J12000080001";"www.opencoesione.gov.it/progetti/1misecipepug01";0;
1292;"url_clp";"1MISE2R-C365-I-3-01";"D71B15000330008";"www.opencoesione.gov.it/progetti/1mise2r-c365-i-3-01";0;
1293;"url_clp";"1LOLOMBGEFO-00000000000029708737";"E45C10002490005";"www.opencoesione.gov.it/progetti/1lolombgefo-00000000000029708737";0;
1294;"url_clp";"1MTRA111113";"J77I07000030001";"www.opencoesione.gov.it/progetti/1mtra111113";0;
1297;"url_clp";"4FR3839";"E95F10000200007";"www.opencoesione.gov.it/progetti/4fr3839";0;
1300;"url_clp";"1LOLOMBGEFO-00000000000039069419";"F31C13000000002";"www.opencoesione.gov.it/progetti/1lolombgefo-00000000000039069419";0;
1301;"url_clp";"1PUFE3.100058";"F43B11000130007";"www.opencoesione.gov.it/progetti/1pufe3100058";0;
1303;"url_clp";"1MPILO-VA-012000-523";"J39D14000760004";"www.opencoesione.gov.it/progetti/1mpilo-va-012000-523";0;
1304;"url_clp";"1CA478C122007IT161PO009";"J34B13000420006";"www.opencoesione.gov.it/progetti/1ca478c122007it161po009";0;
1305;"url_clp";"1MISEPA01AMAT";"B70H11000010001";"www.opencoesione.gov.it/progetti/1misepa01amat";0;
1306;"url_clp";"1MISEProgetti UNCEM - Comune di Cerreto Sannita LdA 2.3";"F59D14000790006";"www.opencoesione.gov.it/progetti/1miseprogetti-uncem-comune-di-cerreto-sannita-lda-23";0;
1307;"url_clp";"1MISE14740 - 21/10/2011";"H23B11000330001";"www.opencoesione.gov.it/progetti/1mise14740-21102011";0;
1310;"url_clp";"1PUPA4.200012";"J33D13000200002";"www.opencoesione.gov.it/progetti/1pupa4200012";0;
1311;"url_clp";"6TO718228";"J52I16000180002";"www.opencoesione.gov.it/progetti/6to718228";0;
1312;"url_clp";"1MISEABRSI032-10";"H79J14001440002";"www.opencoesione.gov.it/progetti/1miseabrsi032-10";0;
1313;"url_clp";"1MISEMO2N27";"G31B15000320007";"www.opencoesione.gov.it/progetti/1misemo2n27";0;
1315;"url_clp";"1MISEPON02_00153_2849085/1";"B61C12000840005";"www.opencoesione.gov.it/progetti/1misepon02_00153_28490851";0;
1316;"url_clp";"1CL212676";"J61H13000150006";"www.opencoesione.gov.it/progetti/1cl212676";0;
1317;"url_clp";"1MISECOM314_315";"I22I08000140006";"www.opencoesione.gov.it/progetti/1misecom314_315";0;
1318;"url_clp";"2LAA0063P0016";"J54H14000570001";"www.opencoesione.gov.it/progetti/2laa0063p0016";0;"2 CUP per 1 CLP"
1319;"url_clp";"1MPIA-1-FESR-2012-1";"J28G12000260007";"www.opencoesione.gov.it/progetti/1mpia-1-fesr-2012-1";0;
1320;"url_clp";"1SA110201II221APS10076";"J73B11000130009";"www.opencoesione.gov.it/progetti/1sa110201ii221aps10076";0;
1321;"url_clp";"1SACRP-CICL-CA-13";"B59D10000290004";"www.opencoesione.gov.it/progetti/1sacrp-cicl-ca-13";0;
1323;"url_clp";"3PIPBAN-17650";"D12C15000030004";"www.opencoesione.gov.it/progetti/3pipban-17650";0;
1324;"url_clp";"1MISEMI_00000029";"B83D14000170008";"www.opencoesione.gov.it/progetti/1misemi_00000029";0;
1331;"url_clp";"1SACRP-RETRO-129";"J65C03000040002";"www.opencoesione.gov.it/progetti/1sacrp-retro-129";0;
1332;"url_clp";"1SA120106II222BDG110002";"H19H12000110002";"www.opencoesione.gov.it/progetti/1sa120106ii222bdg110002";0;
1334;"url_clp";"1CL89487";"F19G08000190001";"www.opencoesione.gov.it/progetti/1cl89487";0;
1336;"url_clp";"27AB431011B";"C12J08000180002";"www.opencoesione.gov.it/progetti/27ab431011b";0;
1337;"url_clp";"1MPIC-1-FESR-2010-2400";"F18G10000860007";"www.opencoesione.gov.it/progetti/1mpic-1-fesr-2010-2400";0;
1338;"url_clp";"1CL210425";"F12C13000170006";"www.opencoesione.gov.it/progetti/1cl210425";0;
1339;"url_clp";"2LAA0063P0019";"J54H14000570001";"www.opencoesione.gov.it/progetti/2laa0063p0019";0;"2 CUP per 1 CLP"
1340;"url_clp";"1MISEPACCAM-AV01";"D84H13000660006";"www.opencoesione.gov.it/progetti/1misepaccam-av01";0;
1341;"url_clp";"1CL206535";"G26D13000500005";"www.opencoesione.gov.it/progetti/1cl206535";0;
1342;"url_clp";"1CL89822";"F43B07000050002";"www.opencoesione.gov.it/progetti/1cl89822";0;
1344;"url_clp";"1SA120106II222BDG115001";"J69H12000070006";"www.opencoesione.gov.it/progetti/1sa120106ii222bdg115001";0;
1345;"url_clp";"1MISEB57B14000270004";"B57B14000270004";"www.opencoesione.gov.it/progetti/1miseb57b14000270004";0;
1349;"url_clp";"1MISE2R-C031-I-1-01";"F79D14000870001";"www.opencoesione.gov.it/progetti/1mise2r-c031-i-1-01";0;
1350;"url_clp";"1MISEPONA3_00370/2";"I21D11000060007";"www.opencoesione.gov.it/progetti/1misepona3_003702";0;
1352;"url_clp";"2MINT2.5/SIC/5";"D73G11000110001";"www.opencoesione.gov.it/progetti/2mint25sic5";0;
1353;"url_clp";"1MISEL488*083958/0012/0017*";"B47E99002930015";"www.opencoesione.gov.it/progetti/1misel48808395800120017";0;
1354;"url_clp";"1SI7039";"G19B10000380008";"www.opencoesione.gov.it/progetti/1si7039";0;
1355;"url_clp";"3PIPBAN-15095";"B12C13000100004";"www.opencoesione.gov.it/progetti/3pipban-15095";0;
1356;"url_clp";"1PUFE4.200016";"B77E09000060002";"www.opencoesione.gov.it/progetti/1pufe4200016";0;
1357;"url_clp";"1SI112";"G27D05000130001";"www.opencoesione.gov.it/progetti/1si112";0;
1358;"url_clp";"3PIPBAN-FAS14326";"J34C03000000001";"www.opencoesione.gov.it/progetti/3pipban-fas14326";0;
1360;"url_clp";"1MISEVE44P011";"H11B14000430006";"www.opencoesione.gov.it/progetti/1miseve44p011";0;
1361;"url_clp";"2MINT2.5/CAM/18";"D18G11002260006";"www.opencoesione.gov.it/progetti/2mint25cam18";0;
1363;"url_clp";"1PUPA4.200085";"B84B10000000006";"www.opencoesione.gov.it/progetti/1pupa4200085";0;
1366;"url_clp";"4FR19638";"H81D00000000009";"www.opencoesione.gov.it/progetti/4fr19638";0;
1367;"url_clp";"1CL211428";"C64E15000830002";"www.opencoesione.gov.it/progetti/1cl211428";0;
1368;"url_clp";"1CL205836";"D39D14001960002";"www.opencoesione.gov.it/progetti/1cl205836";0;
1370;"url_clp";"1VE15543";"B95F12000050005";"www.opencoesione.gov.it/progetti/1ve15543";0;
1371;"url_clp";"2LAA0009P0069";"J85F12000060009";"www.opencoesione.gov.it/progetti/2laa0009p0069";0;
1372;"url_clp";"4UM41438";"E57B14000100001";"www.opencoesione.gov.it/progetti/4um41438";0;
1373;"url_clp";"1SA050106IV411BDDS40912";"I23E11000390006";"www.opencoesione.gov.it/progetti/1sa050106iv411bdds40912";0;
1375;"url_clp";"1PUFC4.100171";"F69J15000750002";"www.opencoesione.gov.it/progetti/1pufc4100171";0;
1376;"url_clp";"1CA224C332007IT161PO009";"I53E13000010002";"www.opencoesione.gov.it/progetti/1ca224c332007it161po009";0;
1377;"url_clp";"3UM28617";"J46J08000140004";"www.opencoesione.gov.it/progetti/3um28617";0;
1378;"url_clp";"1CA177C92007IT161PO009";"J39B14000130002";"www.opencoesione.gov.it/progetti/1ca177c92007it161po009";0;
1379;"url_clp";"1CA400C92007IT161PO009";"G52D14000020002";"www.opencoesione.gov.it/progetti/1ca400c92007it161po009";0;
1380;"url_clp";"1MA16548";"I82C13000110006";"www.opencoesione.gov.it/progetti/1ma16548";0;
1381;"url_clp";"3PIPBAN-15347";"F36G12001070004";"www.opencoesione.gov.it/progetti/3pipban-15347";0;
1384;"url_clp";"1CL89539";"I19G08000100002";"www.opencoesione.gov.it/progetti/1cl89539";0;
1385;"url_clp";"1CL89536";"F67E06000030002";"www.opencoesione.gov.it/progetti/1cl89536";0;
1386;"url_clp";"1PUFE3.200380";"C23G11000190002";"www.opencoesione.gov.it/progetti/1pufe3200380";0;
1389;"url_clp";"1SA040206V21ACI091031";"D14B10000380002";"www.opencoesione.gov.it/progetti/1sa040206v21aci091031";0;
1391;"url_clp";"1SA11103IV423ASSOL13003";"F72C13000220002";"www.opencoesione.gov.it/progetti/1sa11103iv423assol13003";0;
1392;"url_clp";"2LAA0013P0075";"F61B10000200008";"www.opencoesione.gov.it/progetti/2laa0013p0075";0;
1393;"url_clp";"1MISEPUGLIA13";"F33D13000680002";"www.opencoesione.gov.it/progetti/1misepuglia13";0;
1396;"url_clp";"1MISEABRSA052-02";"D10D15000010008";"www.opencoesione.gov.it/progetti/1miseabrsa052-02";0;
1397;"url_clp";"1PUFE4.200229";"J44B10000150001";"www.opencoesione.gov.it/progetti/1pufe4200229";0;
1398;"url_clp";"1SI10875";"I72I13000030002";"www.opencoesione.gov.it/progetti/1si10875";0;
1400;"url_clp";"2MINT2.8/CAM/16";"J63G11000120006";"www.opencoesione.gov.it/progetti/2mint28cam16";0;
1401;"url_clp";"1CA320C332007IT161PO009";"I37H07001340004";"www.opencoesione.gov.it/progetti/1ca320c332007it161po009";0;
1402;"url_clp";"1CL208847";"D53C08000020008";"www.opencoesione.gov.it/progetti/1cl208847";0;
1404;"url_clp";"1CA710C352007IT161PO009";"J85E06000030004";"www.opencoesione.gov.it/progetti/1ca710c352007it161po009";0;
1405;"url_clp";"1SA120102II222BDG100002";"H67F10000070009";"www.opencoesione.gov.it/progetti/1sa120102ii222bdg100002";0;
1406;"url_clp";"1SA11103IV423ASM110026";"E35C11005930001";"www.opencoesione.gov.it/progetti/1sa11103iv423asm110026";0;
1407;"url_clp";"2MOPAI FORTORE 3";"D94H13000010006";"www.opencoesione.gov.it/progetti/2mopai-fortore-3";0;
1412;"url_clp";"3PIPBAN-1007";"F13J09000160009";"www.opencoesione.gov.it/progetti/3pipban-1007";0;
1413;"url_clp";"1MISESOGEAAL01f";"H11F11000320001";"www.opencoesione.gov.it/progetti/1misesogeaal01f";0;
1414;"url_clp";"1PUFE2.500291";"I86G13001760002";"www.opencoesione.gov.it/progetti/1pufe2500291";0;
1415;"url_clp";"1MISEPAC02L2_00164_2072691";"B38C13000750005";"www.opencoesione.gov.it/progetti/1misepac02l2_00164_2072691";0;
1416;"url_clp";"2MINT2.5/CAM/21";"D22J11000210006";"www.opencoesione.gov.it/progetti/2mint25cam21";0;
1417;"url_clp";"1PUFC1.300043";"D51H13000650005";"www.opencoesione.gov.it/progetti/1pufc1300043";0;
1418;"url_clp";"1CL99213";"F17H10000530006";"www.opencoesione.gov.it/progetti/1cl99213";0;
1419;"url_clp";"2LIPORFESR-31-LI008/03";"G42D11000740003";"www.opencoesione.gov.it/progetti/2liporfesr-31-li00803";0;
1421;"url_clp";"3PIPBAN-FAS11311";"J17G09000310002";"www.opencoesione.gov.it/progetti/3pipban-fas11311";0;
1422;"url_clp";"1LOLOMBGEFO-00000000000017507577";"C32F10000000002";"www.opencoesione.gov.it/progetti/1lolombgefo-00000000000017507577";0;
1423;"url_clp";"1MISEABRSB071-104";"I39D15000030006";"www.opencoesione.gov.it/progetti/1miseabrsb071-104";0;
1424;"url_clp";"4UM42176";"G93E10000120006";"www.opencoesione.gov.it/progetti/4um42176";0;
1425;"url_clp";"1CA377C332007IT161PO009";"J71B13000380004";"www.opencoesione.gov.it/progetti/1ca377c332007it161po009";0;
1426;"url_clp";"1SI8858";"G79E11002410006";"www.opencoesione.gov.it/progetti/1si8858";0;
1427;"url_clp";"1SI8032";"B28I12000280006";"www.opencoesione.gov.it/progetti/1si8032";0;
1428;"url_clp";"1CA108C332007IT161PO009";"I34C10000110006";"www.opencoesione.gov.it/progetti/1ca108c332007it161po009";0;
1429;"url_clp";"1PUFE3.200312";"B33G09000120004";"www.opencoesione.gov.it/progetti/1pufe3200312";0;
1431;"url_clp";"1CA68C72007IT161PO009";"G23J08000120002";"www.opencoesione.gov.it/progetti/1ca68c72007it161po009";0;
1432;"url_clp";"1SI790";"J15F04000050004";"www.opencoesione.gov.it/progetti/1si790";0;
1433;"url_clp";"1MISEPONA3_00422/1";"J41D11000120007";"www.opencoesione.gov.it/progetti/1misepona3_004221";0;
1434;"url_clp";"1CL205395";"D53D13000130006";"www.opencoesione.gov.it/progetti/1cl205395";0;
1435;"url_clp";"1PUFE2.500329";"J94B14000220002";"www.opencoesione.gov.it/progetti/1pufe2500329";0;
1436;"url_clp";"1CL99297";"F15C10000330006";"www.opencoesione.gov.it/progetti/1cl99297";0;
1437;"url_clp";"1CA466C352007IT161PO009";"D91B06000520006";"www.opencoesione.gov.it/progetti/1ca466c352007it161po009";0;
1438;"url_clp";"1MISEI.6.4";"F55J11000020003";"www.opencoesione.gov.it/progetti/1misei64";0;
1440;"url_clp";"1CA45C92007IT161PO009";"J19B14000040002";"www.opencoesione.gov.it/progetti/1ca45c92007it161po009";0;
1441;"url_clp";"1MISESB021-01";"D91B13000490002";"www.opencoesione.gov.it/progetti/1misesb021-01";0;
1442;"url_clp";"1CA209C352007IT161PO009";"F53J13000390002";"www.opencoesione.gov.it/progetti/1ca209c352007it161po009";0;
1443;"url_clp";"1MISEAOBROTZU93-12-25F";"C28G12000270009";"www.opencoesione.gov.it/progetti/1miseaobrotzu93-12-25f";0;
1444;"url_clp";"1SI9597";"G82B13000010009";"www.opencoesione.gov.it/progetti/1si9597";0;
1445;"url_clp";"1SI16165";"D98G06000060004";"www.opencoesione.gov.it/progetti/1si16165";3;
1447;"url_clp";"1MISEMO3C.008";"D39B14000080002";"www.opencoesione.gov.it/progetti/1misemo3c008";0;
1448;"url_clp";"1LOLOMBGEFO-00000000000013808723";"E47I10000230007";"www.opencoesione.gov.it/progetti/1lolombgefo-00000000000013808723";0;
1449;"url_clp";"1MISE999-1.11_26-Capua";"G46G14000010002";"www.opencoesione.gov.it/progetti/1mise999-111_26-capua";0;
1451;"url_clp";"1MISEPACCAM-CE03";"F23J14000020001";"www.opencoesione.gov.it/progetti/1misepaccam-ce03";0;
1452;"url_clp";"2MINT2.5/CAL/9";"H33B10000050006";"www.opencoesione.gov.it/progetti/2mint25cal9";0;
1453;"url_clp";"1LOLOMBGEFO-00000000000036939896";"E91J01000000002";"www.opencoesione.gov.it/progetti/1lolombgefo-00000000000036939896";0;
1454;"url_clp";"1SI9629";"D76D10000670005";"www.opencoesione.gov.it/progetti/1si9629";0;
1456;"url_clp";"1LOLOMBGEFO-00000000000034910235";"D51B04000270003";"www.opencoesione.gov.it/progetti/1lolombgefo-00000000000034910235";0;
1457;"url_clp";"1CL89826";"C28D04000050006";"www.opencoesione.gov.it/progetti/1cl89826";0;
1458;"url_clp";"1CL201574";"I47C10000000006";"www.opencoesione.gov.it/progetti/1cl201574";0;
1460;"url_clp";"1CL205830";"G26J15000340006";"www.opencoesione.gov.it/progetti/1cl205830";0;
1461;"url_clp";"1MISEPA01CANILE";"D76J11000740001";"www.opencoesione.gov.it/progetti/1misepa01canile";0;
1462;"url_clp";"1SA050107IV412bRE12006";"I21J12000000006";"www.opencoesione.gov.it/progetti/1sa050107iv412bre12006";0;
1463;"url_clp";"1MISEMO3BIS057A/10";"H27H13000310002";"www.opencoesione.gov.it/progetti/1misemo3bis057a10";0;
1464;"url_clp";"1MISE2R-C213-I-1-01";"F79D14000870001";"www.opencoesione.gov.it/progetti/1mise2r-c213-i-1-01";0;
1465;"url_clp";"1MISEPUGLIA3";"F72F12000200002";"www.opencoesione.gov.it/progetti/1misepuglia3";0;
1466;"url_clp";"1MISEPAC02L2_00193_2191833";"B48F13000710005";"www.opencoesione.gov.it/progetti/1misepac02l2_00193_2191833";0;
1467;"url_clp";"1PUFE3.200599";"B83B11000700002";"www.opencoesione.gov.it/progetti/1pufe3200599";0;
1468;"url_clp";"1MISETdFDD6/2013-25";"H21E13000220002";"www.opencoesione.gov.it/progetti/1misetdfdd62013-25";0;
1469;"url_clp";"1SI3580";"J11H92000000008";"www.opencoesione.gov.it/progetti/1si3580";0;
1470;"url_clp";"1SI11407";"J95D12000300001";"www.opencoesione.gov.it/progetti/1si11407";0;
1471;"url_clp";"1MISECAMPANIA5";"F66D12000200006";"www.opencoesione.gov.it/progetti/1misecampania5";0;
1472;"url_clp";"1MISEABRSB071-134";"H79D15000050006";"www.opencoesione.gov.it/progetti/1miseabrsb071-134";0;
1473;"url_clp";"1MISEMOA1.3734.020";"D31H12000120002";"www.opencoesione.gov.it/progetti/1misemoa13734020";0;
1474;"url_clp";"1MISEMO2N31";"D31B15000150001";"www.opencoesione.gov.it/progetti/1misemo2n31";0;
1475;"url_clp";"1LOLOMBGEFO-00000000000052426449";"E27B14000170009";"www.opencoesione.gov.it/progetti/1lolombgefo-00000000000052426449";0;
1476;"url_clp";"1SA050104IV421A20090004";"G12I11000100006";"www.opencoesione.gov.it/progetti/1sa050104iv421a20090004";0;
1477;"url_clp";"1CA196C332007IT161PO009";"J52F12000120006";"www.opencoesione.gov.it/progetti/1ca196c332007it161po009";0;
1478;"url_clp";"1MISESP-CA01";"J83E12000030006";"www.opencoesione.gov.it/progetti/1misesp-ca01";0;
1479;"url_clp";"1SACRP-CICL-SS-03";"G11B13000130009";"www.opencoesione.gov.it/progetti/1sacrp-cicl-ss-03";0;
1480;"url_clp";"1SI15342";"G46D15000170009";"www.opencoesione.gov.it/progetti/1si15342";0;
1481;"url_clp";"1MISEPACCAL-RC03";"H38I13000060002";"www.opencoesione.gov.it/progetti/1misepaccal-rc03";0;
1482;"url_clp";"1SA11103IV423ASM100023";"D88F11000090006";"www.opencoesione.gov.it/progetti/1sa11103iv423asm100023";0;
1485;"url_clp";"1MISESMA14-03";"F69G12000190002";"www.opencoesione.gov.it/progetti/1misesma14-03";0;
1486;"url_clp";"1LOLOMBGEFO-00000000000051402765";"E74H14000440005";"www.opencoesione.gov.it/progetti/1lolombgefo-00000000000051402765";0;
1487;"url_clp";"6TO103497";"D34I10000190007";"www.opencoesione.gov.it/progetti/6to103497";0;
1488;"url_clp";"1MISESP-SS04";"B87E13000400002";"www.opencoesione.gov.it/progetti/1misesp-ss04";0;
1490;"url_clp";"1MISE1R-C264-A-1-01";"D51E15000170001";"www.opencoesione.gov.it/progetti/1mise1r-c264-a-1-01";0;
1491;"url_clp";"1SI8546";"D79E12001510006";"www.opencoesione.gov.it/progetti/1si8546";0;
1492;"url_clp";"1MISESOGEAAL01g";"H11F11000330001";"www.opencoesione.gov.it/progetti/1misesogeaal01g";0;
1493;"url_clp";"17EM2010-00013/FE";"H42I10000000009";"www.opencoesione.gov.it/progetti/17em2010-00013fe";0;
1494;"url_clp";"1LALA1000012867";"J82F11000250003";"www.opencoesione.gov.it/progetti/1lala1000012867";0;
1495;"url_clp";"1CL208038";"D99B10000690006";"www.opencoesione.gov.it/progetti/1cl208038";0;
1496;"url_clp";"1CA592C122007IT161PO009";"C32I09000040003";"www.opencoesione.gov.it/progetti/1ca592c122007it161po009";0;
1498;"url_clp";"1CL207242";"J29B14000180004";"www.opencoesione.gov.it/progetti/1cl207242";0;
1499;"url_clp";"6TO439389";"C49G10000050002";"www.opencoesione.gov.it/progetti/6to439389";0;
1500;"url_clp";"1SACRP-CICL-CA-16";"D31B12000340002";"www.opencoesione.gov.it/progetti/1sacrp-cicl-ca-16";0;
1501;"url_clp";"1SI361";"G15G03000000006";"www.opencoesione.gov.it/progetti/1si361";0;
1503;"url_clp";"1PUFE4.200229";"J44B10000150001";"www.opencoesione.gov.it/progetti/1pufe4200229";0;
1504;"url_clp";"1MISE806 Ass. I ragazzi del centro Tau - Sociale";"J78I15000400008";"www.opencoesione.gov.it/progetti/1mise806-ass-i-ragazzi-del-centro-tau-sociale";0;
1505;"url_clp";"1PUFE4.200362";"D71B14000360002";"www.opencoesione.gov.it/progetti/1pufe4200362";0;
1506;"url_clp";"2MOIV.1.1 21";"G31B11000560002";"www.opencoesione.gov.it/progetti/2moiv11-21";0;"1 report 2 CLP (POR e PAC)"
1506;"url_clp";"2MOPISU TERMOLI 2";"G31B13002100002";"www.opencoesione.gov.it/progetti/2mopisu-termoli-2";0;"1 report 2 CLP (POR e PAC)"
1508;"url_clp";"1MISE859";"J27I12000190001";"www.opencoesione.gov.it/progetti/1mise859";0;
1509;"url_clp";"1CA346C122007IT161PO009";"G56G08000310002";"www.opencoesione.gov.it/progetti/1ca346c122007it161po009";0;
1510;"url_clp";"27AB4110070";"E74E13000930006";"www.opencoesione.gov.it/progetti/27ab4110070";0;
1511;"url_clp";"1MISEBSA4_MT19";"G19J15000740001";"www.opencoesione.gov.it/progetti/1misebsa4_mt19";0;
1512;"url_clp";"5SI1245";"I95E10000100006";"www.opencoesione.gov.it/progetti/5si1245";0;
1513;"url_clp";"27AB4110065";"D44B13000000006";"www.opencoesione.gov.it/progetti/27ab4110065";0;
1517;"url_clp";"1MISEPA01BIBLIOTECAZISA";"D74B12000080001";"www.opencoesione.gov.it/progetti/1misepa01bibliotecazisa";0;
1520;"url_clp";"1MA8677";"B97I10000900007";"www.opencoesione.gov.it/progetti/1ma8677";0;
1521;"url_clp";"1SA120201IIE222PI010002";"B63B01000000009";"www.opencoesione.gov.it/progetti/1sa120201iie222pi010002";0;
1522;"url_clp";"2LAA0054P0005";"J81B13001590006";"www.opencoesione.gov.it/progetti/2laa0054p0005";0;
1525;"url_clp";"2LAA0063P0009";"J91H92000040111";"www.opencoesione.gov.it/progetti/2laa0063p0009";0;
1528;"url_clp";"27AB320011200020001";"J21B12000320004";"www.opencoesione.gov.it/progetti/27ab320011200020001";0;
825;"cup";"2LAA0054P0001";"J82I12000080002";"www.opencoesione.gov.it/progetti/2laa0054p0001";0;
855;"cup";"1PUFE2.300069";"D31C11000010005";"www.opencoesione.gov.it/progetti/1pufe2300069";0;
879;"cup";"1SA040206V521APQ050007";"H62D07000010002";"www.opencoesione.gov.it/progetti/1sa040206v521apq050007";0;
885;"cup";"1LOLOMBGEFO-00000000000036330681";"H52I10000120002";"www.opencoesione.gov.it/progetti/1lolombgefo-00000000000036330681";0;
886;"cup";"2LAA0059P0011";"G59D13000050008";"www.opencoesione.gov.it/progetti/2laa0059p0011";0;
889;"cup";"1PUFE3.200445";"F73B10000380002";"www.opencoesione.gov.it/progetti/1pufe3200445";0;
909;"cup";"2LAA0054P0001";"J82I12000080002";"www.opencoesione.gov.it/progetti/2laa0054p0001";0;
916;"cup";"1LOLOMBGEFO-00000000000035876271";"B74C10000100002";"www.opencoesione.gov.it/progetti/1lolombgefo-00000000000035876271";0;
918;"cup";"1PUFE4.200044";"I73E06000090002";"www.opencoesione.gov.it/progetti/1pufe4200044";0;
930;"cup";"1MISEMS01_00007/13";"B67I08000070005";"www.opencoesione.gov.it/progetti/1misems01_0000713";0;
931;"cup";"3UM38963";"B92E10000000002";"www.opencoesione.gov.it/progetti/3um38963";0;
939;"cup";"1LOLOMBGEFO-00000000000011322136";"I16D10000010006";"www.opencoesione.gov.it/progetti/1lolombgefo-00000000000011322136";0;
940;"cup";"3PIPBAN-1009";"J13J09000520009";"www.opencoesione.gov.it/progetti/3pipban-1009";0;
941;"cup";"1CL89546";"F19G07000080006";"www.opencoesione.gov.it/progetti/1cl89546";0;
942;"cup";"1CL89535";"C27E05000010002";"www.opencoesione.gov.it/progetti/1cl89535";0;
948;"cup";"1BA7997";"H33H11000200009";"www.opencoesione.gov.it/progetti/1ba7997";0;
949;"cup";"2MINT2.5/CAL/13";"F13B12000060001";"www.opencoesione.gov.it/progetti/2mint25cal13";0;
950;"cup";"27AB212703";"H76E11000300006";"www.opencoesione.gov.it/progetti/27ab212703";0;
951;"cup";"2MOIV.2.1 38";"D33E06000140002";"www.opencoesione.gov.it/progetti/2moiv21-38";0;
952;"cup";"1SI6947";"I91B09000210002";"www.opencoesione.gov.it/progetti/1si6947";0;
953;"cup";"1BA9930";"H16G12001130006";"www.opencoesione.gov.it/progetti/1ba9930";0;
955;"cup";"1MISEBAR2 09";"I14B13000010001";"www.opencoesione.gov.it/progetti/1misebar2-09";0;
957;"cup";"1SI8001";"G64B11000070006";"www.opencoesione.gov.it/progetti/1si8001";0;
960;"cup";"1CL203283";"H34B05000090001";"www.opencoesione.gov.it/progetti/1cl203283";0;
961;"cup";"1CL203268";"D63J12000110006";"www.opencoesione.gov.it/progetti/1cl203268";0;
963;"cup";"1PUFE3.100086";"B98G06000240003";"www.opencoesione.gov.it/progetti/1pufe3100086";0;
964;"cup";"1CL201490";"I51J12000290006";"www.opencoesione.gov.it/progetti/1cl201490";0;
965;"cup";"17EM2010-01009/BO";"G81J10000000005";"www.opencoesione.gov.it/progetti/17em2010-01009bo";0;
966;"cup";"1PUFE4.200343";"J87H05001100007";"www.opencoesione.gov.it/progetti/1pufe4200343";0;
968;"cup";"1MA9226";"E60H10000040001";"www.opencoesione.gov.it/progetti/1ma9226";0;
970;"cup";"1SA130103V11AMC080006";"F31I05000090006";"www.opencoesione.gov.it/progetti/1sa130103v11amc080006";0;
971;"cup";"2BA73/2010/151";"I39B10000360008";"www.opencoesione.gov.it/progetti/2ba732010151";0;
972;"cup";"27AB431001b";"C92J09000160007";"www.opencoesione.gov.it/progetti/27ab431001b";0;
975;"cup";"3PIPBAN-FAS14956";"J76J10000470006";"www.opencoesione.gov.it/progetti/3pipban-fas14956";0;
976;"cup";"3PIPBAN-12938";"G99H03000010001";"www.opencoesione.gov.it/progetti/3pipban-12938";0;
977;"cup";"1FRFP1235479001";"D95C12023230009";"www.opencoesione.gov.it/progetti/1frfp1235479001";0;
980;"cup";"1SI371";"G76D04000070006";"www.opencoesione.gov.it/progetti/1si371";0;
982;"cup";"3PIPBAN-FAS12479";"G38C12000000004";"www.opencoesione.gov.it/progetti/3pipban-fas12479";0;
986;"cup";"1PUFE4.100255";"J95E06000020008";"www.opencoesione.gov.it/progetti/1pufe4100255";0;
988;"cup";"2LAA0043P0003";"F99H12000160006";"www.opencoesione.gov.it/progetti/2laa0043p0003";0;
989;"cup";"4FR5372";"G46D11000080006";"www.opencoesione.gov.it/progetti/4fr5372";0;
990;"cup";"3PIPBAN-FAS13469";"J69H08000200008";"www.opencoesione.gov.it/progetti/3pipban-fas13469";0;
991;"cup";"1PUFC1.200003";"F89I03000020001";"www.opencoesione.gov.it/progetti/1pufc1200003";0;
1023;"cup";"1CL101689";"D93J09000040002";"www.opencoesione.gov.it/progetti/1cl101689";0;
1043;"cup";"1MISEB99D14014630001";"B99D14014630001";"www.opencoesione.gov.it/progetti/1miseb99d14014630001";0;
1064;"cup";"1MISEPON04A3_00444/1";"B25I12000270005";"www.opencoesione.gov.it/progetti/1misepon04a3_004441";0;
1065;"cup";"1MISECBFV34";"J33B10000640001";"www.opencoesione.gov.it/progetti/1misecbfv34";0;"url errata (era prips_00034) probabilmente per progetto inattivo su 713 >>> sostituito con gemello 14020"
1104;"cup";"1LOLOMBGEFO-00000000000039069419";"F31C13000000002";"www.opencoesione.gov.it/progetti/1lolombgefo-00000000000039069419";0;
1242;"cup";"2AGCOPO_LLP_012";"E16C07000020002";"www.opencoesione.gov.it/progetti/2agcopo_llp_012";0;"url errata (era 1saa28) probabilmente per progetto inattivo su 713 >>> sostituito con gemello 14020"
1245;"cup";"27AB32001900030001";"J54B13001120002";"www.opencoesione.gov.it/progetti/27ab32001900030001";0;
1273;"cup";"27AB32001900030001";"J54B13001120002";"www.opencoesione.gov.it/progetti/27ab32001900030001";0;
1518;"cup";"2LAA0011P0054";"F31B11000360007";"www.opencoesione.gov.it/progetti/2laa0011p0054";0;
781;"resto";;;"www.opencoesione.gov.it/progetti/1si630/";9;"progetto inattivo"
803;"resto";;;"www.opencoesione.gov.it/progetti/1sa130103v11ams08000";9;"progetto inattivo"
813;"resto";;;"www.opencoesione.gov.it/progetti/mses_00228";9;"url anomala"
814;"resto";;;;9;
815;"resto";;;"www.opencoesione.gov.it/progetti/mses_00231";9;"url anomala"
816;"resto";;;"www.opencoesione.gov.it/progetti/mses_00224";9;"url anomala"
915;"resto";;"E48J12000060009";;9;"CUP non reperibile in OC"
954;"resto";;;;9;
956;"resto";;"D99D10000000001";"www.opencoesione.gov.it/it/progetti/2mint25cal1";9;"progetto inattivo"
981;"resto";;;;9;
983;"resto";;"J36G13004290009";;9;"CUP non reperibile in OC"
992;"resto";;;;9;
1019;"resto";;"E63J05000000001";"www.opencoesione.gov.it/progetti/1sa110103iv23mg07001";9;"progetto inattivo"
1095;"resto";;"F89D07000210006";;9;"CUP non reperibile in OC"
1098;"resto";;;"www.opencoesione.gov.it/progetti/bc_00003";9;"url anomala"
1109;"resto";;"F32C05000360000";"www.opencoesione.gov.it/progetti/1miser-puglia-28";9;"progetto inattivo"
1154;"resto";;"G96J11000720002";"www.opencoesione.gov.it/progetti/1sacrp-retro-128";9;"progetto inattivo"
1165;"resto";;"J35E12001300005";"www.opencoesione.gov.it/progetti/17em2010-00575ra";9;"progetto inattivo"
1196;"resto";;"F24E10000240002";"www.opencoesione.gov.it/progetti/1saretro-94_arst_1_ca";9;"progetto inattivo"
1198;"resto";;"E14B09000030002";"www.opencoesione.gov.it/progetti/1ca541c122007it161po009";9;"progetto inattivo"
1267;"resto";;"D91J05000010001";"www.opencoesione.gov.it/progetti/1si630";9;"progetto inattivo"
1296;"resto";;"E63J05000000001";"www.opencoesione.gov.it/progetti/1sa110103iv423mg0700";9;"progetto inattivo"
1299;"resto";;"F24E10000240002";"www.opencoesione.gov.it/progetti/1saretro-94_arst_1_ca";9;"progetto inattivo"
